year,make,model,trim,state,mileage,color,interior,sellingprice
2012,Land Rover,Range Rover,HSE,ca,56169,black,black,39500
2011,Land Rover,Range Rover,Supercharged,ca,53634,black,black,46000
2011,Land Rover,Range Rover,HSE,ca,31927,black,black,34600
2011,Land Rover,Range Rover,Supercharged,ca,56574,gray,black,42500
2011,Land Rover,Range Rover,HSE,ca,47019,black,black,40500
2011,Land Rover,Range Rover,HSE,ca,58109,black,gray,34500
2010,Land Rover,Range Rover,HSE,ca,35561,white,tan,28500
2008,Land Rover,Range Rover,Supercharged,ca,82038,white,white,26000
2001,Land Rover,Range Rover,4.6 HSE,ca,121719,green,tan,2600
2014,Land Rover,Range Rover,HSE,ca,10179,black,black,83500
2014,Land Rover,Range Rover,Autobiography LWB,ca,5369,white,orange,135000
2014,Land Rover,Range Rover,Supercharged,ca,4460,brown,brown,108000
2012,Land Rover,Range Rover,HSE,ca,34899,brown,brown,47000
2002,Land Rover,Range Rover,4.6 HSE,ca,115630,white,beige,400
1999,Land Rover,Range Rover,4.6 HSE,ca,131135,beige,black,800
1999,Land Rover,Range Rover,4.0 S,ca,72461,green,tan,3300
2011,Land Rover,Range Rover,HSE,pa,46927,white,tan,40750
2011,Land Rover,Range Rover,HSE,nj,63408,gray,black,34200
2011,Land Rover,Range Rover,HSE,tn,31824,black,black,40600
2011,Land Rover,Range Rover,HSE,ga,64095,green,white,29800
2011,Land Rover,Range Rover,Supercharged,tx,6939,white,tan,54000
2011,Land Rover,Range Rover,Supercharged,wi,53602,white,black,38600
2010,Land Rover,Range Rover,HSE,fl,49880,gray,black,34000
2010,Land Rover,Range Rover,Supercharged,tn,66115,white,tan,39800
2010,Land Rover,Range Rover,HSE,nc,64550,black,tan,32800
2010,Land Rover,Range Rover,HSE,tn,43242,black,beige,33000
2010,Land Rover,Range Rover,HSE,pa,41486,black,beige,33000
2010,Land Rover,Range Rover,HSE,oh,84177,gray,gray,30700
2010,Land Rover,Range Rover,Supercharged,ga,36414,blue,tan,44000
2009,Land Rover,Range Rover,HSE,pa,86028,black,beige,22100
2009,Land Rover,Range Rover,Supercharged,pa,68886,black,black,30000
2008,Land Rover,Range Rover,HSE,pa,107579,black,black,17500
2008,Land Rover,Range Rover,HSE,pa,102462,silver,beige,17700
2008,Land Rover,Range Rover,HSE,tx,78327,white,beige,22000
2008,Land Rover,Range Rover,HSE,tx,117247,white,tan,13400
2000,Land Rover,Range Rover,4.6 Vitesse,sc,183128,black,black,500
2000,Land Rover,Range Rover,4.6 Vitesse,sc,135629,silver,gray,900
2013,Land Rover,Range Rover,HSE,mi,44535,black,black,80250
2013,Land Rover,Range Rover,HSE,ca,44373,black,black,81000
2012,Land Rover,Range Rover,HSE,pa,47782,black,black,44000
2012,Land Rover,Range Rover,HSE,fl,45140,white,black,44400
2012,Land Rover,Range Rover,HSE,fl,120402,white,beige,36000
2010,Land Rover,Range Rover,HSE,ca,67574,gray,brown,34500
2011,Land Rover,Range Rover,HSE,fl,59725,black,black,36100
2011,Land Rover,Range Rover,HSE,fl,73541,gray,brown,33500
2009,Land Rover,Range Rover,HSE,nc,70912,black,black,23000
2008,Land Rover,Range Rover,Supercharged,nc,155126,black,black,17400
2001,Land Rover,Range Rover,4.6 SE,fl,138324,gray,gray,2800
2012,Land Rover,Range Rover,HSE,fl,25359,white,beige,47500
2011,Land Rover,Range Rover,Supercharged,fl,49986,purple,beige,37000
2011,Land Rover,Range Rover,HSE,fl,50709,black,black,35700
2009,Land Rover,Range Rover,Supercharged,nv,125824,white,beige,20250
2010,Land Rover,Range Rover,HSE,ga,48916,gray,black,32500
2010,Land Rover,Range Rover,HSE,fl,79711,gray,black,30600
2010,Land Rover,Range Rover,HSE,pa,52749,gray,black,32700
2008,Land Rover,Range Rover,HSE,pa,69752,white,tan,22200
2010,Land Rover,Range Rover,HSE,ga,110497,silver,black,25300
2000,Land Rover,Range Rover,4.6 Vitesse,nc,145311,green,beige,1500
2011,Land Rover,Range Rover,HSE,ca,62031,black,black,33500
2010,Land Rover,Range Rover,Supercharged,ga,53014,gray,black,40300
2010,Land Rover,Range Rover,HSE,fl,68406,black,beige,30500
2008,Land Rover,Range Rover,Supercharged,pa,104465,black,beige,20100
1999,Land Rover,Range Rover,4.6 HSE,tx,158022,green,gray,400
2012,Land Rover,Range Rover,HSE,ca,62228,silver,black,41000
2011,Land Rover,Range Rover,HSE,ca,44267,black,black,43500
2011,Land Rover,Range Rover,HSE,ca,38624,white,tan,43000
2008,Land Rover,Range Rover,Supercharged,fl,36749,black,black,28500
2008,Land Rover,Range Rover,Supercharged,mn,92123,silver,gray,20330
2000,Land Rover,Range Rover,4.6 Vitesse,ca,124723,black,beige,2500
2012,Land Rover,Range Rover,HSE,pa,18807,silver,black,52250
2011,Land Rover,Range Rover,HSE,wi,43420,black,black,35750
1999,Land Rover,Range Rover,4.6 HSE,va,1,green,black,400
2011,Land Rover,Range Rover,HSE,ca,60202,blue,beige,33000
2011,Land Rover,Range Rover,HSE,ca,45623,white,black,41500
2011,Land Rover,Range Rover,HSE,ca,37018,black,black,29000
2011,Land Rover,Range Rover,HSE,ca,44482,white,tan,43000
2011,Land Rover,Range Rover,HSE,ca,48992,white,tan,40000
2011,Land Rover,Range Rover,HSE,ca,33636,black,tan,42500
2011,Land Rover,Range Rover,HSE,ca,19925,green,tan,49500
2010,Land Rover,Range Rover,HSE,pa,68654,silver,beige,32500
2002,Land Rover,Range Rover,4.6 HSE,md,119412,yellow,gray,2400
2014,Land Rover,Range Rover,HSE,ca,6184,red,gray,97000
2014,Land Rover,Range Rover,Autobiography,ca,10040,silver,gray,127000
2014,Land Rover,Range Rover,Supercharged LWB,ca,6814,white,tan,115000
2014,Land Rover,Range Rover,Supercharged LWB,ca,3910,beige,brown,112000
2014,Land Rover,Range Rover,Autobiography LWB,ca,3619,black,black,135000
2014,Land Rover,Range Rover,Supercharged LWB,ca,3457,black,black,112000
2014,Land Rover,Range Rover,Supercharged LWB,ca,6975,blue,beige,109000
2014,Land Rover,Range Rover,Supercharged LWB,ca,6366,burgundy,beige,113000
2011,Land Rover,Range Rover,Supercharged,ca,57549,black,black,46000
2010,Land Rover,Range Rover,Supercharged,tn,60653,black,gray,40000
2008,Land Rover,Range Rover,Supercharged,il,85335,black,beige,19000
2002,Land Rover,Range Rover,4.6 HSE,ga,133996,gray,beige,1700
2011,Land Rover,Range Rover,Supercharged,ca,44551,white,brown,40500
2010,Land Rover,Range Rover,HSE,ca,85858,black,black,32250
2008,Land Rover,Range Rover,HSE,ga,141286,gray,black,14000
2014,Land Rover,Range Rover,Supercharged,ca,2282,black,black,110000
2014,Land Rover,Range Rover,Autobiography,ca,5194,gray,black,131000
2013,Land Rover,Range Rover,HSE,pa,13610,black,black,85000
2012,Land Rover,Range Rover,HSE,pa,37287,black,black,46500
2012,Land Rover,Range Rover,HSE,fl,28860,silver,black,44300
2011,Land Rover,Range Rover,HSE,fl,53456,gray,gray,38200
2008,Land Rover,Range Rover,HSE,tx,66458,green,tan,20600
2008,Land Rover,Range Rover,HSE,ca,107303,black,gray,16000
2008,Land Rover,Range Rover,Supercharged,nc,71146,black,black,23100
2012,Land Rover,Range Rover,HSE,ca,8782,black,black,56500
2012,Land Rover,Range Rover,HSE,ca,70977,white,brown,40000
2011,Land Rover,Range Rover,HSE,ca,45337,blue,beige,36000
2009,Land Rover,Range Rover,Supercharged,az,83201,black,beige,26900
2008,Land Rover,Range Rover,HSE,pa,97563,white,tan,19500
2010,Land Rover,Range Rover,HSE,ca,80335,black,black,32000
2008,Land Rover,Range Rover,Supercharged,ca,127163,black,gray,17750
2012,Land Rover,Range Rover,HSE,pa,49526,blue,beige,42500
2009,Land Rover,Range Rover,Supercharged,pa,78476,blue,black,28000
2014,Land Rover,Range Rover,Autobiography,ca,8486,black,black,123000
2011,Land Rover,Range Rover,Supercharged,ca,54716,silver,black,46000
2014,Land Rover,Range Rover,Supercharged LWB,ca,107,black,brown,116000
2008,Land Rover,Range Rover,HSE,pa,122175,black,black,15200
2008,Land Rover,Range Rover,HSE,pa,47236,blue,beige,26100
2008,Land Rover,Range Rover,HSE,pa,83634,black,black,21400
2012,Land Rover,Range Rover,HSE,tn,37275,black,black,47000
2011,Land Rover,Range Rover,HSE,tn,29100,brown,brown,44000
2011,Land Rover,Range Rover,HSE,tn,47910,black,black,36800
2011,Land Rover,Range Rover,HSE,pa,38887,black,black,35000
2011,Land Rover,Range Rover,Supercharged,tn,37087,gray,black,45000
2008,Land Rover,Range Rover,HSE,ga,93606,gray,gray,15900
2002,Land Rover,Range Rover,4.6 HSE,md,211382,black,beige,1000
2008,Land Rover,Range Rover,HSE,fl,160651,black,beige,16300
2001,Land Rover,Range Rover,4.6 HSE,fl,46131,green,beige,11100
1998,Land Rover,Range Rover,4.6 HSE,wa,191662,white,black,200
2008,Land Rover,Range Rover,Supercharged,ca,64872,black,white,24000
2011,Land Rover,Range Rover,HSE,ca,32335,silver,black,40500
2011,Land Rover,Range Rover,HSE,tx,30938,black,tan,43000
2008,Land Rover,Range Rover,HSE,ca,118431,gray,gray,15000
1999,Land Rover,Range Rover,4.0 S,wa,149157,gray,gray,600
2012,Land Rover,Range Rover,HSE,tx,41573,blue,gray,45000
2011,Land Rover,Range Rover,HSE,wa,62425,white,brown,38300
2010,Land Rover,Range Rover,Supercharged,nv,32070,black,black,37750
2010,Land Rover,Range Rover,HSE,tx,76622,gray,tan,30000
2008,Land Rover,Range Rover,HSE,ca,84027,white,tan,22000
2008,Land Rover,Range Rover,HSE,nv,46753,red,tan,21250
2008,Land Rover,Range Rover,HSE,mn,54805,white,tan,22900
2008,Land Rover,Range Rover,Supercharged,tx,95947,gray,black,17000
2002,Land Rover,Range Rover,4.6 HSE,ca,104886,silver,gray,3750
2014,Land Rover,Range Rover,HSE,ga,9762,black,black,95000
2011,Land Rover,Range Rover,HSE,pa,43285,black,black,39500
2010,Land Rover,Range Rover,HSE,ga,42250,black,black,32900
2014,Land Rover,Range Rover,Autobiography,ca,13534,white,brown,115000
2008,Land Rover,Range Rover,HSE,oh,107809,white,tan,16500
2013,Land Rover,Range Rover,HSE,mi,20950,black,tan,82000
2008,Land Rover,Range Rover,Supercharged,pa,100214,silver,black,18900
2008,Land Rover,Range Rover,HSE,nj,99674,white,tan,16800
2008,Land Rover,Range Rover,Supercharged,ga,109298,black,brown,18200
2008,Land Rover,Range Rover,Supercharged,il,95018,black,black,20200
2002,Land Rover,Range Rover,4.6 HSE,ca,122758,silver,gray,3000
2011,Land Rover,Range Rover,HSE,ca,15405,silver,beige,45000
2010,Land Rover,Range Rover,HSE,ca,59776,black,black,35500
2008,Land Rover,Range Rover,Supercharged,ga,105580,black,black,17000
2001,Land Rover,Range Rover,4.6 SE,ca,99587,green,beige,1450
2011,Land Rover,Range Rover,HSE,ca,71991,black,black,35250
2008,Land Rover,Range Rover,Supercharged,nj,113719,silver,brown,17000
2008,Land Rover,Range Rover,HSE,ca,78020,black,tan,18250
2008,Land Rover,Range Rover,Supercharged,ga,86378,black,black,23600
2008,Land Rover,Range Rover,Supercharged,ca,119480,black,black,16500
2002,Land Rover,Range Rover,4.6 HSE,or,145923,white,tan,700
2000,Land Rover,Range Rover,4.6 Vitesse,md,147629,gold,beige,1500
2011,Land Rover,Range Rover,Supercharged,ga,47023,gray,black,47000
2011,Land Rover,Range Rover,HSE,ga,58294,black,beige,36200
2008,Land Rover,Range Rover,HSE,ga,79781,white,tan,22600
2008,Land Rover,Range Rover,HSE,ga,67106,black,black,22800
2008,Land Rover,Range Rover,Supercharged,nc,57189,black,black,26750
2008,Land Rover,Range Rover,HSE,fl,89798,black,gray,18800
2008,Land Rover,Range Rover,HSE,ca,129760,black,beige,15900
2000,Land Rover,Range Rover,4.6 Vitesse,md,119676,gold,black,1000
2000,Land Rover,Range Rover,4.0 SE,ca,93342,red,brown,2100
2010,Land Rover,Range Rover,HSE,fl,86827,black,beige,28000
2008,Land Rover,Range Rover,HSE,pa,103840,black,beige,15100
2008,Land Rover,Range Rover,HSE,ga,95381,white,tan,18000
2008,Land Rover,Range Rover,HSE,pa,53575,green,beige,19400
2011,Land Rover,Range Rover,Supercharged,tx,45258,black,black,44000
2011,Land Rover,Range Rover,HSE,tx,41673,black,black,43250
2008,Land Rover,Range Rover,HSE,nv,85543,gray,black,18400
2012,Land Rover,Range Rover,HSE,ca,22388,black,black,55000
2012,Land Rover,Range Rover,HSE,ca,22137,black,black,50500
2010,Land Rover,Range Rover,Supercharged,tn,56030,white,black,41200
2008,Land Rover,Range Rover,HSE,ca,92306,black,beige,18750
2008,Land Rover,Range Rover,Supercharged,wi,93794,black,beige,15200
2014,Land Rover,Range Rover,Supercharged LWB,ca,5573,white,black,106000
2012,Land Rover,Range Rover,HSE,ca,51782,gray,beige,44000
2011,Land Rover,Range Rover,Supercharged,ca,55228,white,black,43000
2011,Land Rover,Range Rover,HSE,ca,50953,gray,black,38500
2011,Land Rover,Range Rover,HSE,ca,37965,white,tan,42000
2010,Land Rover,Range Rover,Supercharged,fl,62151,black,beige,36200
2008,Land Rover,Range Rover,HSE,ca,82834,black,black,18100
2008,Land Rover,Range Rover,HSE,ga,117734,gray,beige,15800
2008,Land Rover,Range Rover,Supercharged,ca,150793,gray,black,15100
2008,Land Rover,Range Rover,HSE,ca,54084,white,white,26000
1999,Land Rover,Range Rover,4.6 HSE,ca,120056,gold,tan,1500
2014,Land Rover,Range Rover,HSE,ca,33995,black,black,82250
2011,Land Rover,Range Rover,HSE,co,45273,black,black,40700
2010,Land Rover,Range Rover,HSE,fl,115259,blue,beige,27200
2008,Land Rover,Range Rover,Supercharged,mo,76714,gray,tan,20500
2014,Land Rover,Range Rover,HSE,fl,16865,blue,tan,87500
2012,Land Rover,Range Rover,HSE,ca,45674,black,black,43000
2011,Land Rover,Range Rover,HSE,fl,19123,white,beige,47900
2008,Land Rover,Range Rover,HSE,ca,84130,white,beige,22500
2010,Land Rover,Range Rover,HSE,az,63435,gray,tan,31250
2012,Land Rover,Range Rover,HSE,ca,29767,gray,black,49000
2014,Land Rover,Range Rover,Supercharged,ca,9968,black,black,104000
2008,Land Rover,Range Rover,Supercharged,pa,97750,blue,tan,20500
2013,Land Rover,Range Rover,Supercharged,ca,15551,black,black,97000
2011,Land Rover,Range Rover,HSE,pa,51902,black,black,36500
2008,Land Rover,Range Rover,HSE,nj,100981,black,gray,15800
2002,Land Rover,Range Rover,4.6 HSE,wi,123590,gold,tan,300
2000,Land Rover,Range Rover,4.0 SE,md,137343,black,beige,400
2013,Land Rover,Range Rover,Supercharged,tn,30961,black,black,90400
2011,Land Rover,Range Rover,HSE,tn,33632,gray,tan,43750
2008,Land Rover,Range Rover,Supercharged,nj,69783,white,black,24750
2012,Land Rover,Range Rover,HSE,tx,45718,black,tan,46250
2012,Land Rover,Range Rover,HSE,wi,42363,gray,tan,44000
2008,Land Rover,Range Rover,HSE,wa,83922,black,black,19000
2011,Land Rover,Range Rover,HSE,pa,54282,gray,black,33000
2013,Land Rover,Range Rover,Autobiography,tx,38504,gray,beige,87000
2011,Land Rover,Range Rover,HSE,tx,19126,white,beige,49500
2008,Land Rover,Range Rover,HSE,fl,70367,red,beige,16600
2008,Land Rover,Range Rover,HSE,sc,98960,white,tan,18200
2013,Land Rover,Range Rover,HSE,pa,20292,black,beige,81500
2012,Land Rover,Range Rover,HSE,ca,15836,black,black,56000
2011,Land Rover,Range Rover,HSE,fl,77999,black,tan,32400
2008,Land Rover,Range Rover,Supercharged,ca,134885,blue,beige,16750
2011,Land Rover,Range Rover,Supercharged,ca,54307,black,black,42000
2008,Land Rover,Range Rover,Supercharged,ca,74192,white,beige,23000
2014,Land Rover,Range Rover,Supercharged,tn,10054,white,gray,101200
2014,Land Rover,Range Rover,Ebony Edition,ca,10927,black,black,105500
2008,Land Rover,Range Rover,HSE,ca,78867,black,brown,20000
2008,Land Rover,Range Rover,HSE,ga,95437,white,tan,17800
2008,Land Rover,Range Rover,Supercharged,ca,58060,white,gray,27700
2002,Land Rover,Range Rover,4.6 HSE,pa,134397,white,black,2600
2014,Land Rover,Range Rover,HSE,wi,12770,black,black,92600
2014,Land Rover,Range Rover,HSE,fl,22991,black,brown,83500
2014,Land Rover,Range Rover,Base,ca,10934,white,beige,93500
2012,Land Rover,Range Rover,HSE,ca,72364,white,black,36750
2011,Land Rover,Range Rover,HSE,ca,64094,blue,brown,35500
2011,Land Rover,Range Rover,HSE,ca,36938,white,brown,42500
2008,Land Rover,Range Rover,Supercharged,ca,70215,black,beige,17250
2014,Land Rover,Range Rover,Supercharged,ca,6678,black,gray,101000
2013,Land Rover,Range Rover,HSE,nj,37175,white,beige,76750
2011,Land Rover,Range Rover,Supercharged,pa,51656,black,black,42000
2011,Land Rover,Range Rover,HSE,tx,28104,silver,black,45000
2008,Land Rover,Range Rover,HSE,nj,100987,black,gray,15100
2012,Land Rover,Range Rover,HSE,mo,59460,black,black,39250
2008,Land Rover,Range Rover,Supercharged,mi,109092,black,tan,16700
2013,Land Rover,Range Rover,HSE,fl,17408,white,beige,82000
2012,Land Rover,Range Rover,HSE,ga,77124,gray,white,38000
2010,Land Rover,Range Rover,HSE,nc,53470,white,beige,32000
2010,Land Rover,Range Rover,Supercharged,fl,76236,black,black,34600
2008,Land Rover,Range Rover,HSE,nc,95077,gray,tan,17700
2008,Land Rover,Range Rover,HSE,va,108739,blue,blue,16100
2008,Land Rover,Range Rover,HSE,pa,89078,black,black,18100
2014,Land Rover,Range Rover,Ebony Edition,fl,4237,white,tan,104000
2011,Land Rover,Range Rover,HSE,nc,61996,black,beige,36000
2010,Land Rover,Range Rover,HSE,fl,62336,white,tan,34000
2012,Land Rover,Range Rover,HSE,pa,51874,white,black,40800
2011,Land Rover,Range Rover,Supercharged,fl,63937,white,beige,37000
2012,Land Rover,Range Rover,HSE,pa,50031,black,black,41900
2012,Land Rover,Range Rover,HSE,tn,61455,black,black,33500
2008,Land Rover,Range Rover,HSE,ca,95988,black,black,17000
2012,Land Rover,Range Rover,HSE,pa,42220,white,tan,45750
2011,Land Rover,Range Rover,HSE,oh,51275,black,black,31100
2009,Land Rover,Range Rover,Supercharged,pa,78490,black,black,27400
2012,Land Rover,Range Rover,HSE,pa,57079,blue,beige,39600
2012,Land Rover,Range Rover,HSE,pa,45214,brown,black,39000
2011,Land Rover,Range Rover,HSE,fl,54555,black,tan,35000
2012,Land Rover,Range Rover,HSE,ca,47506,blue,beige,41300
2011,Land Rover,Range Rover,Supercharged,ca,35705,black,black,45000
2011,Land Rover,Range Rover,HSE,ca,86736,black,black,30500
2000,Land Rover,Range Rover,4.0 SE,ny,154957,black,gray,275
2008,Land Rover,Range Rover,HSE,tx,113107,black,gray,17600
2014,Land Rover,Range Rover,Supercharged,ga,44978,black,beige,86250
2011,Land Rover,Range Rover,Supercharged,tx,18645,black,black,49000
2008,Land Rover,Range Rover,HSE,ca,88149,silver,black,19000
2012,Land Rover,Range Rover,HSE,pa,47243,black,black,44750
2011,Land Rover,Range Rover,Supercharged,pa,64722,white,tan,39500
2009,Land Rover,Range Rover,HSE,pa,59206,gray,black,23150
2008,Land Rover,Range Rover,HSE,ca,106136,silver,black,15500
2008,Land Rover,Range Rover,Supercharged,ca,83260,white,black,23500
2008,Land Rover,Range Rover,HSE,pa,118418,blue,beige,16300
2014,Land Rover,Range Rover,Supercharged,ca,17901,black,black,91000
2013,Land Rover,Range Rover,Supercharged,ga,12105,gray,tan,85500
2011,Land Rover,Range Rover,HSE,pa,105458,blue,beige,27500
2011,Land Rover,Range Rover,HSE,pa,70176,gray,black,29900
2010,Land Rover,Range Rover,Supercharged,pa,63736,black,black,34200
2008,Land Rover,Range Rover,Supercharged,ca,62537,black,black,23200
2008,Land Rover,Range Rover,HSE,nj,208255,gray,black,9200
2008,Land Rover,Range Rover,Supercharged,pa,107134,black,black,19000
2010,Land Rover,Range Rover,HSE,fl,87950,brown,tan,27800
2011,Land Rover,Range Rover,Supercharged,ca,57284,black,beige,41000
2008,Land Rover,Range Rover,Supercharged,ca,98765,white,white,21500
2011,Land Rover,Range Rover,Supercharged,ga,45629,black,tan,43400
2011,Land Rover,Range Rover,Supercharged,ga,48591,white,gray,46400
2012,Land Rover,Range Rover,HSE,ga,51507,black,tan,40000
2012,Land Rover,Range Rover,HSE,wi,61226,black,black,34000
2011,Land Rover,Range Rover,Supercharged,ca,73054,black,beige,33750
2010,Land Rover,Range Rover,HSE,fl,81285,black,beige,30200
2010,Land Rover,Range Rover,Supercharged,pa,59760,black,black,36500
2008,Land Rover,Range Rover,HSE,pa,89935,white,beige,18900
2012,Land Rover,Range Rover,HSE,pa,15431,black,tan,50800
2010,Land Rover,Range Rover,HSE,pa,52131,gray,brown,28400
2014,Land Rover,Range Rover,Ebony Edition,pa,16002,black,black,99000
2012,Land Rover,Range Rover,HSE,pa,33456,white,black,48000
2013,Land Rover,Range Rover,HSE,pa,47195,black,beige,75250
2014,Land Rover,Range Rover,Ebony Edition,ca,9925,white,black,60000
2014,Land Rover,Range Rover,Supercharged,ca,17983,black,black,76500
2014,Land Rover,Range Rover,Supercharged,ca,7434,black,gray,92500
2013,Land Rover,Range Rover,HSE,ca,22316,black,black,65000
2011,Land Rover,Range Rover,HSE,nc,106254,black,tan,30000
2010,Land Rover,Range Rover,HSE,fl,46348,burgundy,tan,31200
2013,Land Rover,Range Rover,Supercharged,ca,23252,brown,beige,83500
2011,Land Rover,Range Rover,HSE,ca,98772,white,beige,30500
2011,Land Rover,Range Rover,HSE,fl,58623,black,gray,35800
2010,Land Rover,Range Rover,HSE,ca,69471,white,brown,29250
2008,Land Rover,Range Rover,Supercharged,ca,84226,white,beige,23250
2014,Land Rover,Range Rover,Supercharged,fl,29530,silver,black,83000
2011,Land Rover,Range Rover,Supercharged,ny,61464,white,beige,39400
2010,Land Rover,Range Rover,HSE,la,39802,white,white,34100
2013,Land Rover,Range Rover,HSE,ma,56577,black,gray,74200
2011,Land Rover,Range Rover,HSE,la,81127,white,tan,30400
2010,Land Rover,Range Rover,HSE,ca,27411,green,white,32500
2011,Land Rover,Range Rover,HSE,fl,74560,green,beige,29600
2009,Land Rover,Range Rover,Supercharged,ca,77405,white,beige,27000
2012,Land Rover,Range Rover,HSE,pa,53077,white,tan,41750
2010,Land Rover,Range Rover,HSE,pa,58937,black,black,31000
2010,Land Rover,Range Rover,HSE,mo,45154,silver,black,31800
2008,Land Rover,Range Rover,HSE,mi,114721,blue,tan,14500
2012,Land Rover,Range Rover,HSE,ca,39504,white,black,44500
2010,Land Rover,Range Rover,HSE,fl,81010,silver,black,23000
2008,Land Rover,Range Rover,HSE,ca,92585,black,black,16500
2011,Land Rover,Range Rover,HSE,fl,59007,black,black,33600
2010,Land Rover,Range Rover,Supercharged,pa,63736,black,black,35000
2010,Land Rover,Range Rover,HSE,pa,54642,black,black,32200
2010,Land Rover,Range Rover,HSE,pa,52558,silver,black,29700
2013,Land Rover,Range Rover,HSE,pa,22833,black,gray,78000
2013,Land Rover,Range Rover,Supercharged,pa,35259,beige,brown,83000
2010,Land Rover,Range Rover,HSE,fl,72077,gray,black,24400
2011,Land Rover,Range Rover,Supercharged,pa,106483,black,black,32750
2010,Land Rover,Range Rover,HSE,pa,67709,beige,brown,28000
2012,Land Rover,Range Rover,HSE,pa,49820,black,black,40000
2011,Land Rover,Range Rover,HSE,fl,63696,blue,beige,30000
2011,Land Rover,Range Rover,Supercharged,pa,64738,white,tan,38000
2011,Land Rover,Range Rover,Supercharged,pa,49246,gray,black,39750
2011,Land Rover,Range Rover,HSE,pa,43643,black,black,39250
2011,Land Rover,Range Rover,HSE,oh,42406,silver,beige,34000
2010,Land Rover,Range Rover,HSE,oh,182536,black,tan,29200
2010,Land Rover,Range Rover,HSE,fl,92240,black,black,28200
2008,Land Rover,Range Rover,HSE,pa,78360,black,tan,19500
2008,Land Rover,Range Rover,Supercharged,pa,59478,blue,beige,23750
2014,Land Rover,Range Rover,Supercharged LWB,pa,4986,black,black,101000
2014,Land Rover,Range Rover,Supercharged,pa,18553,gray,black,84750
2013,Land Rover,Range Rover,Supercharged,fl,19346,black,beige,81500
2012,Land Rover,Range Rover,HSE,fl,42255,black,tan,43200
2011,Land Rover,Range Rover,HSE,fl,72999,black,beige,31200
2002,Land Rover,Range Rover,4.6 HSE,co,151341,white,tan,3000
2014,Land Rover,Range Rover,HSE,oh,29657,black,black,79250
2011,Land Rover,Range Rover,HSE,ca,38905,gray,black,39750
2008,Land Rover,Range Rover,Supercharged,ca,67892,white,black,18500
2010,Land Rover,Range Rover,Supercharged,ca,48214,gray,tan,38500
2008,Land Rover,Range Rover,HSE,ca,94679,black,beige,17500
2014,Land Rover,Range Rover,Supercharged,ca,12258,white,black,94500
2008,Land Rover,Range Rover,Supercharged,ca,116555,black,black,19750
2012,Land Rover,Range Rover,HSE,fl,17668,black,black,50500
2013,Land Rover,Range Rover,Supercharged,fl,31044,silver,black,83200
2011,Land Rover,Range Rover,HSE,il,63374,black,black,32000
2012,Land Rover,Range Rover,HSE,fl,41447,brown,beige,41400
2010,Land Rover,Range Rover,HSE,fl,82735,white,white,28800
2010,Land Rover,Range Rover,HSE,pa,82072,black,beige,29750